Workbook

Sheet Resumo
A1: Backlog das Sprints — Sistema de Pesquisa Eleitoral
A2: Base: Documento de Escopo v1.4 e Plano de Sprints v1.1
A4: Como usar esta planilha:
A5: Cada sprint tem sua própria aba. Preencha apenas a coluna Status (lista suspensa) e a coluna Observações.
A6: As colunas ID, Épico, Item, Tipo, Prioridade e Pontos vêm do plano de sprints e não devem ser alteradas sem revisar o plano.
A7: Esta aba de Resumo é calculada por fórmula a partir das abas de sprint — não digite valores aqui.
A8: Status possíveis: A Fazer, Em Andamento, Bloqueado, Concluído.
A10: Premissa de estimativa: os pontos são estimativa em escala de Fibonacci (1, 2, 3, 5, 8) feita sem base histórica de velocidade,
A11: por não existir sprint anterior neste projeto. Devem ser recalibrados ao final da Sprint 1, quando houver o primeiro dado real.
A12: Premissa de capacidade: um desenvolvedor, em tempo parcial, sprints de 2 semanas.
A13: Stack definida (item 5.1 do escopo): React Native + Expo, NestJS, PostgreSQL + Prisma, React + Vite, BullMQ + Redis, Docker.
A15: Sprint | B15: Foco | C15: Marco | D15: Itens | E15: Pontos | F15: Concluídos | G15: % Concluído
A16: Sprint 0 | B16: Preparação | C16: — | D16: =COUNTA('Sprint 0'!A8:A12) -> 5 | E16: =SUM('Sprint 0'!F8:F12) -> 20 | F16: =COUNTIF('Sprint 0'!G8:G12,"Concluído") -> 0 | G16: =IFERROR(F16/D16,0) -> 0
A17: Sprint 1 | B17: Fundação e autenticação | C17: — | D17: =COUNTA('Sprint 1'!A8:A16) -> 9 | E17: =SUM('Sprint 1'!F8:F16) -> 32 | F17: =COUNTIF('Sprint 1'!G8:G16,"Concluído") -> 0 | G17: =IFERROR(F17/D17,0) -> 0
A18: Sprint 2 | B18: Formulários e perguntas | C18: — | D18: =COUNTA('Sprint 2'!A8:A15) -> 8 | E18: =SUM('Sprint 2'!F8:F15) -> 34 | F18: =COUNTIF('Sprint 2'!G8:G15,"Concluído") -> 0 | G18: =IFERROR(F18/D18,0) -> 0
A19: Sprint 3 | B19: Publicação do formulário | C19: M1 | D19: =COUNTA('Sprint 3'!A8:A13) -> 6 | E19: =SUM('Sprint 3'!F8:F13) -> 25 | F19: =COUNTIF('Sprint 3'!G8:G13,"Concluído") -> 0 | G19: =IFERROR(F19/D19,0) -> 0
A20: Sprint 4 | B20: Coleta | C20: — | D20: =COUNTA('Sprint 4'!A8:A16) -> 9 | E20: =SUM('Sprint 4'!F8:F16) -> 41 | F20: =COUNTIF('Sprint 4'!G8:G16,"Concluído") -> 0 | G20: =IFERROR(F20/D20,0) -> 0
A21: Sprint 5 | B21: Integridade | C21: M2 | D21: =COUNTA('Sprint 5'!A8:A15) -> 8 | E21: =SUM('Sprint 5'!F8:F15) -> 38 | F21: =COUNTIF('Sprint 5'!G8:G15,"Concluído") -> 0 | G21: =IFERROR(F21/D21,0) -> 0
A22: Sprint 6 | B22: Painel de resultados | C22: — | D22: =COUNTA('Sprint 6'!A8:A14) -> 7 | E22: =SUM('Sprint 6'!F8:F14) -> 37 | F22: =COUNTIF('Sprint 6'!G8:G14,"Concluído") -> 0 | G22: =IFERROR(F22/D22,0) -> 0
A23: Sprint 7 | B23: Apuração por município e exportação | C23: M3 | D23: =COUNTA('Sprint 7'!A8:A13) -> 6 | E23: =SUM('Sprint 7'!F8:F13) -> 30 | F23: =COUNTIF('Sprint 7'!G8:G13,"Concluído") -> 0 | G23: =IFERROR(F23/D23,0) -> 0
A24: Sprint 8 | B24: Privacidade, distribuição e homologação | C24: M4 | D24: =COUNTA('Sprint 8'!A8:A18) -> 11 | E24: =SUM('Sprint 8'!F8:F18) -> 45 | F24: =COUNTIF('Sprint 8'!G8:G18,"Concluído") -> 0 | G24: =IFERROR(F24/D24,0) -> 0
A25: TOTAL | D25: =SUM(D16:D24) -> 69 | E25: =SUM(E16:E24) -> 302 | F25: =SUM(F16:F24) -> 0 | G25: =IFERROR(F25/D25,0) -> 0

Sheet Sprint 0
A1: Sprint 0 — Preparação
A2: Objetivo: | B2: Deixar o terreno pronto para desenvolver sem retrabalho.
A3: Duração: | B3: 1 semana
A4: Marco: | B4: —
A5: Critério de aceite: | B5: Banco criado com a base de municípios da Bahia carregada e consultável; protótipo aprovado.
A7: ID | B7: Épico | C7: Item do backlog | D7: Tipo | E7: Prioridade | F7: Pontos | G7: Status | H7: Observações
A8: S0-01 | B8: E1 | C8: Criar os repositórios do app, da API e do painel com padrão de branches | D8: Técnico | E8: Alta | F8: 2 | G8: Concluído | H8: Stack definida: React Native + Expo, NestJS, PostgreSQL + Prisma, React + Vite
A9: S0-02 | B9: E1 | C9: Subir ambiente de desenvolvimento e de homologação em Docker | D9: Técnico | E9: Alta | F9: 5 | G9: Concluído | H9: Inclui configurar o projeto Expo, o projeto NestJS e o Prisma apontando para o PostgreSQL
A10: S0-03 | B10: E1 | C10: Modelar o banco de dados conforme item 5.2 do escopo (diagrama e scripts) | D10: Técnico | E10: Alta | F10: 5 | G10: Concluído | H10: Entidades: formulario, pergunta, alternativa, municipio, resposta, resposta_item, usuario, perfil, log_auditoria
A11: S0-04 | B11: E1 | C11: Carregar a tabela de municípios da Bahia (417 registros, código IBGE, nome, UF) | D11: Técnico | E11: Alta | F11: 3 | G11: Concluído | H11: Fonte: base oficial do IBGE
A12: S0-05 | B12: E1 | C12: Prototipar em baixa fidelidade as telas de coleta, administração e painel | D12: Design | E12: Média | F12: 5 | G12: Concluído | H12: Aprovação necessária antes da Sprint 1
E14: Total de pontos | F14: =SUM(F8:F12) -> 20
E15: Concluídos | F15: =COUNTIF(G8:G12,"Concluído") -> 0

Sheet Sprint 1
A1: Sprint 1 — Fundação e Autenticação
A2: Objetivo: | B2: Ter uma API viva com controle de acesso funcionando.
A3: Duração: | B3: 2 semanas
A4: Marco: | B4: —
A5: Critério de aceite: | B5: Administrador entra pelo aplicativo, Analista é bloqueado em rota restrita e ambas as tentativas aparecem no log de auditoria.
A7: ID | B7: Épico | C7: Item do backlog | D7: Tipo | E7: Prioridade | F7: Pontos | G7: Status | H7: Observações
A8: S1-01 | B8: E1 | C8: Estruturar a API base em NestJS com padronização de erros e versionamento | D8: Técnico | E8: Alta | F8: 5 | G8: Concluído
A9: S1-02 | B9: E1 | C9: Configurar HTTPS/TLS | D9: Técnico | E9: Alta | F9: 2 | G9: Concluído
A10: S1-03 | B10: E1 | C10: Implementar as entidades usuario, perfil e log_auditoria | D10: Backend | E10: Alta | F10: 3 | G10: Concluído
A11: S1-04 | B11: E1 | C11: Implementar login com senha armazenada em hash forte | D11: Backend | E11: Alta | F11: 5 | G11: Concluído
A12: S1-05 | B12: E1 | C12: Criar perfis Administrador e Analista com verificação de permissão nas rotas | D12: Backend | E12: Alta | F12: 5 | G12: Concluído | H12: Usar guards e roles do NestJS
A13: S1-06 | B13: E1 | C13: Criar o Administrador inicial via script de implantação | D13: Técnico | E13: Alta | F13: 2 | G13: Concluído | H13: Necessário para alguém conseguir montar o primeiro formulário
A14: S1-07 | B14: E1 | C14: Encerrar sessão por inatividade | D14: Backend | E14: Média | F14: 2 | G14: Concluído
A15: S1-08 | B15: E1 | C15: Registrar em auditoria login, alteração de usuário e alteração de permissão | D15: Backend | E15: Alta | F15: 3 | G15: Concluído
A16: S1-09 | B16: E1 | C16: Criar o app em React Native + Expo (mínimo API 29) com tela de login integrada à API | D16: App | E16: Alta | F16: 5 | G16: Concluído
E18: Total de pontos | F18: =SUM(F8:F16) -> 32
E19: Concluídos | F19: =COUNTIF(G8:G16,"Concluído") -> 0

Sheet Sprint 2
A1: Sprint 2 — Formulários e Perguntas
A2: Objetivo: | B2: O Administrador consegue criar o esqueleto de um formulário.
A3: Duração: | B3: 2 semanas
A4: Marco: | B4: —
A5: Critério de aceite: | B5: Um formulário com pelo menos uma pergunta de cada tipo é criado, editado e recuperado pelo aplicativo.
A7: ID | B7: Épico | C7: Item do backlog | D7: Tipo | E7: Prioridade | F7: Pontos | G7: Status | H7: Observações
A8: S2-01 | B8: E2 | C8: Implementar as entidades formulario, pergunta e alternativa | D8: Backend | E8: Alta | F8: 3 | G8: Concluído
A9: S2-02 | B9: E2 | C9: CRUD de formulário (título, descrição, período de vigência, status) | D9: Backend | E9: Alta | F9: 5 | G9: Concluído
A10: S2-03 | B10: E2 | C10: CRUD de perguntas nos cinco tipos previstos | D10: Backend | E10: Alta | F10: 8 | G10: Concluído | H10: Escolha única, múltipla escolha, escala/nota, texto livre e número
A11: S2-04 | B11: E2 | C11: CRUD de alternativas | D11: Backend | E11: Alta | F11: 3 | G11: Concluído
A12: S2-05 | B12: E2 | C12: Marcar pergunta como obrigatória ou opcional | D12: Backend | E12: Média | F12: 2 | G12: Concluído
A13: S2-06 | B13: E2 | C13: Ordenar perguntas e alternativas | D13: Backend | E13: Média | F13: 3 | G13: Concluído
A14: S2-07 | B14: E2 | C14: Construir as telas da área do Administrador dentro do aplicativo | D14: App | E14: Alta | F14: 8 | G14: Concluído
A15: S2-08 | B15: E2 | C15: Levantar com o Administrador o rascunho das perguntas reais | D15: Gestão | E15: Alta | F15: 2 | G15: Em Andamento | H15: Antecipado para evitar descobrir na Sprint 8 um tipo de pergunta não previsto
E17: Total de pontos | F17: =SUM(F8:F15) -> 34
E18: Concluídos | F18: =COUNTIF(G8:G15,"Concluído") -> 0

Sheet Sprint 3
A1: Sprint 3 — Publicação do Formulário
A2: Objetivo: | B2: Transformar o rascunho em pesquisa publicável.
A3: Duração: | B3: 2 semanas
A4: Marco: | B4: M1 — Administrador consegue montar um formulário completo
A5: Critério de aceite: | B5: Formulário publicado gera link e QR Code válidos; a tentativa de editar uma pergunta depois de publicado é recusada.
A7: ID | B7: Épico | C7: Item do backlog | D7: Tipo | E7: Prioridade | F7: Pontos | G7: Status | H7: Observações
A8: S3-01 | B8: E2 | C8: Implementar lógica condicional simples entre perguntas | D8: Backend | E8: Alta | F8: 8 | G8: Concluído | H8: Risco de complexidade — se estourar, entregar apenas mostrar/ocultar por resposta única
A9: S3-02 | B9: E2 | C9: Implementar o ciclo de status: rascunho, em coleta, encerrado | D9: Backend | E9: Alta | F9: 3 | G9: Concluído
A10: S3-03 | B10: E2 | C10: Bloquear edição de perguntas após o início da coleta | D10: Backend | E10: Alta | F10: 3 | G10: Concluído
A11: S3-04 | B11: E2 | C11: Pré-visualizar o formulário como o respondente verá | D11: App | E11: Alta | F11: 5 | G11: Concluído
A12: S3-05 | B12: E2 | C12: Duplicar formulário existente como base para um novo | D12: Backend | E12: Baixa | F12: 3 | G12: Concluído
A13: S3-06 | B13: E2 | C13: Gerar link e QR Code de acesso | D13: Backend | E13: Alta | F13: 3 | G13: Concluído
E15: Total de pontos | F15: =SUM(F8:F13) -> 25
E16: Concluídos | F16: =COUNTIF(G8:G13,"Concluído") -> 0

Sheet Sprint 4
A1: Sprint 4 — Coleta
A2: Objetivo: | B2: O respondente consegue responder de ponta a ponta.
A3: Duração: | B3: 2 semanas
A4: Marco: | B4: —
A5: Critério de aceite: | B5: Uma resposta completa é enviada e persistida com município e data/hora; ao fechar o app no meio do preenchimento e reabrir, o progresso é recuperado.
A7: ID | B7: Épico | C7: Item do backlog | D7: Tipo | E7: Prioridade | F7: Pontos | G7: Status | H7: Observações
A8: S4-01 | B8: E6 | C8: Tela de consentimento com finalidade, anonimato e prazo de retenção, exigindo aceite | D8: App | E8: Alta | F8: 5 | G8: Concluído | H8: Pré-requisito legal — sem aceite não inicia o formulário
A9: S4-02 | B9: E3 | C9: Seleção obrigatória do município em lista fechada com busca por digitação | D9: App | E9: Alta | F9: 5 | G9: Concluído | H9: 417 municípios da Bahia, identificados por código IBGE
A10: S4-03 | B10: E3 | C10: Captura opcional de geolocalização mediante permissão | D10: App | E10: Baixa | F10: 3 | G10: Concluído | H10: Uso apenas para conferência
A11: S4-04 | B11: E3 | C11: Preenchimento sequencial com validação de campos obrigatórios | D11: App | E11: Alta | F11: 8 | G11: Concluído
A12: S4-05 | B12: E3 | C12: Aplicar no app a lógica condicional definida na Sprint 3 | D12: App | E12: Alta | F12: 5 | G12: Concluído
A13: S4-06 | B13: E3 | C13: Implementar as entidades resposta e resposta_item e gravar o envio | D13: Backend | E13: Alta | F13: 5 | G13: Concluído
A14: S4-07 | B14: E3 | C14: Salvar preenchimento parcial localmente e retomar após interrupção | D14: App | E14: Alta | F14: 5 | G14: Concluído | H14: Usar expo-sqlite: resposta parcial com lógica condicional é dado estruturado
A15: S4-08 | B15: E3 | C15: Reenviar automaticamente caso a conexão falhe no momento do envio | D15: App | E15: Alta | F15: 3 | G15: Concluído
A16: S4-09 | B16: E3 | C16: Tela de confirmação final | D16: App | E16: Média | F16: 2 | G16: Concluído
E18: Total de pontos | F18: =SUM(F8:F16) -> 41
E19: Concluídos | F19: =COUNTIF(G8:G16,"Concluído") -> 0

Sheet Sprint 5
A1: Sprint 5 — Integridade
A2: Objetivo: | B2: Garantir que o número apurado signifique alguma coisa.
A3: Duração: | B3: 2 semanas
A4: Marco: | B4: M2 — Pesquisa já pode ser respondida de ponta a ponta
A5: Critério de aceite: | B5: A segunda tentativa pelo mesmo dispositivo é recusada; resposta preenchida em poucos segundos é marcada como suspeita; invalidação manual retira o registro da contagem sem apagá-lo.
A7: ID | B7: Épico | C7: Item do backlog | D7: Tipo | E7: Prioridade | F7: Pontos | G7: Status | H7: Observações
A8: S5-01 | B8: E4 | C8: Bloquear resposta duplicada por dispositivo e por sessão | D8: Backend | E8: Alta | F8: 8 | G8: A Fazer | H8: Identificador armazenado em hash irreversível
A9: S5-02 | B9: E4 | C9: Aplicar rate limit por origem e verificação anti-robô | D9: Backend | E9: Alta | F9: 5 | G9: A Fazer | H9: Cloudflare Turnstile — menos atrito para o respondente que o reCAPTCHA
A10: S5-03 | B10: E4 | C10: Registrar data/hora de início e de fim do preenchimento | D10: Backend | E10: Alta | F10: 2 | G10: A Fazer
A11: S5-04 | B11: E4 | C11: Marcar automaticamente respostas suspeitas | D11: Backend | E11: Alta | F11: 5 | G11: A Fazer | H11: Tempo muito baixo, padrão repetitivo de alternativas, volume anômalo da mesma origem
A12: S5-05 | B12: E4 | C12: Marcar para conferência resposta com município fora da Bahia | D12: Backend | E12: Média | F12: 2 | G12: A Fazer
A13: S5-06 | B13: E4 | C13: Permitir invalidação manual pelo Administrador, sem exclusão física | D13: Backend | E13: Alta | F13: 5 | G13: A Fazer
A14: S5-07 | B14: E5 | C14: Criar a rotina de agregação pré-calculada dos resultados | D14: Backend | E14: Alta | F14: 8 | G14: A Fazer | H14: Views materializadas no PostgreSQL, atualizadas por job BullMQ
A15: S5-08 | B15: E7 | C15: Teste de carga reduzido, antecipado | D15: Técnico | E15: Média | F15: 3 | G15: A Fazer | H15: Antecipa a descoberta de problema de infraestrutura, que na Sprint 8 seria tarde
E17: Total de pontos | F17: =SUM(F8:F15) -> 38
E18: Concluídos | F18: =COUNTIF(G8:G15,"Concluído") -> 0

Sheet Sprint 6
A1: Sprint 6 — Painel de Resultados
A2: Objetivo: | B2: Ver os números.
A3: Duração: | B3: 2 semanas
A4: Marco: | B4: —
A5: Critério de aceite: | B5: O painel abre em tempo aceitável com a base populada de teste e os filtros alteram corretamente os gráficos.
A7: ID | B7: Épico | C7: Item do backlog | D7: Tipo | E7: Prioridade | F7: Pontos | G7: Status | H7: Observações
A8: S6-01 | B8: E5 | C8: Criar o painel web em React + Vite, reaproveitando a autenticação da Sprint 1 | D8: Frontend | E8: Alta | F8: 8 | G8: A Fazer
A9: S6-02 | B9: E5 | C9: Exibir indicadores gerais (total, municípios alcançados, válidas x invalidadas) | D9: Frontend | E9: Alta | F9: 5 | G9: A Fazer
A10: S6-03 | B10: E5 | C10: Gráfico de barras da intenção de voto por candidato | D10: Frontend | E10: Alta | F10: 5 | G10: A Fazer | H10: Recharts; migrar para ECharts se entrar mapa por município
A11: S6-04 | B11: E5 | C11: Gráfico de pizza com a distribuição percentual | D11: Frontend | E11: Média | F11: 3 | G11: A Fazer
A12: S6-05 | B12: E5 | C12: Gráfico de linhas com a evolução da coleta ao longo do tempo | D12: Frontend | E12: Média | F12: 5 | G12: A Fazer
A13: S6-06 | B13: E5 | C13: Filtros por município, período, formulário e pergunta | D13: Frontend | E13: Alta | F13: 8 | G13: A Fazer
A14: S6-07 | B14: E5 | C14: Consumir as agregações pré-calculadas, sem recalcular a cada consulta | D14: Backend | E14: Alta | F14: 3 | G14: A Fazer
E16: Total de pontos | F16: =SUM(F8:F14) -> 37
E17: Concluídos | F17: =COUNTIF(G8:G14,"Concluído") -> 0

Sheet Sprint 7
A1: Sprint 7 — Apuração por Município e Exportação
A2: Objetivo: | B2: Entregar o resultado no formato em que ele será usado.
A3: Duração: | B3: 2 semanas
A4: Marco: | B4: M3 — Resultados visíveis e exportáveis
A5: Critério de aceite: | B5: Os totais do painel batem com os do arquivo exportado; a exportação aparece no log de auditoria com usuário e data/hora.
A7: ID | B7: Épico | C7: Item do backlog | D7: Tipo | E7: Prioridade | F7: Pontos | G7: Status | H7: Observações
A8: S7-01 | B8: E5 | C8: Tabela ranqueada por município com valores absolutos e percentuais | D8: Frontend | E8: Alta | F8: 5 | G8: A Fazer | H8: Entrega o objetivo central do projeto: apuração por município
A9: S7-02 | B9: E5 | C9: Visualização de cobertura: municípios alcançados e não alcançados | D9: Frontend | E9: Alta | F9: 5 | G9: A Fazer
A10: S7-03 | B10: E5 | C10: Cruzamento entre perguntas | D10: Backend | E10: Média | F10: 8 | G10: A Fazer | H10: Exemplo: intenção de voto por faixa etária
A11: S7-04 | B11: E5 | C11: Exportação em CSV e XLSX | D11: Backend | E11: Alta | F11: 5 | G11: A Fazer | H11: ExcelJS
A12: S7-05 | B12: E5 | C12: Exportação em PDF com gráficos e tabelas | D12: Backend | E12: Média | F12: 5 | G12: A Fazer | H12: Puppeteer renderizando o próprio painel, sem reimplementar os gráficos
A13: S7-06 | B13: E6 | C13: Registrar em auditoria toda exportação realizada | D13: Backend | E13: Alta | F13: 2 | G13: A Fazer
E15: Total de pontos | F15: =SUM(F8:F13) -> 30
E16: Concluídos | F16: =COUNTIF(G8:G13,"Concluído") -> 0

Sheet Sprint 8
A1: Sprint 8 — Privacidade, Distribuição e Homologação
A2: Objetivo: | B2: Deixar o sistema apto ao disparo real.
A3: Duração: | B3: 2 semanas
A4: Marco: | B4: M4 — Sistema pronto para o disparo real
A5: Critério de aceite: | B5: Teste de carga aprovado, expurgo validado em homologação e APK instalado com sucesso em aparelho real a partir da página de download.
A7: ID | B7: Épico | C7: Item do backlog | D7: Tipo | E7: Prioridade | F7: Pontos | G7: Status | H7: Observações
A8: S8-01 | B8: E6 | C8: Rotina de expurgo automático das respostas após 4 anos do encerramento | D8: Backend | E8: Alta | F8: 5 | G8: A Fazer | H8: Job agendado em BullMQ
A9: S8-02 | B9: E6 | C9: Expurgo dos dados técnicos de duplicidade no encerramento da coleta | D9: Backend | E9: Alta | F9: 3 | G9: A Fazer
A10: S8-03 | B10: E6 | C10: Revisar conformidade com a LGPD e o texto de consentimento | D10: Gestão | E10: Alta | F10: 3 | G10: A Fazer
A11: S8-04 | B11: E6 | C11: Configurar e testar backup periódico da base | D11: Técnico | E11: Alta | F11: 3 | G11: A Fazer
A12: S8-05 | B12: E7 | C12: Verificar versão ao abrir o app, com aviso e link de atualização | D12: App | E12: Alta | F12: 5 | G12: A Fazer | H12: expo-updates — substitui a atualização automática que a loja faria
A13: S8-06 | B13: E7 | C13: Gerar e assinar o APK com chave própria | D13: Técnico | E13: Alta | F13: 3 | G13: A Fazer | H13: EAS Build
A14: S8-07 | B14: E7 | C14: Publicar página de download com passo a passo de instalação e hash do arquivo | D14: Técnico | E14: Alta | F14: 5 | G14: A Fazer | H14: Reduz o atrito de instalação e o risco de APK adulterado
A15: S8-08 | B15: E7 | C15: Teste de carga no porte projetado | D15: Técnico | E15: Alta | F15: 5 | G15: A Fazer | H15: 100 mil respostas em base e pico de 300 envios por minuto
A16: S8-09 | B16: E7 | C16: Testar instalação em ao menos três modelos e versões de Android | D16: Técnico | E16: Média | F16: 3 | G16: A Fazer
A17: S8-10 | B17: E7 | C17: Escrever o manual do Administrador e do Analista | D17: Gestão | E17: Média | F17: 5 | G17: A Fazer
A18: S8-11 | B18: E7 | C18: Homologação assistida com o Administrador montando um formulário real | D18: Gestão | E18: Alta | F18: 5 | G18: A Fazer
E20: Total de pontos | F20: =SUM(F8:F18) -> 45
E21: Concluídos | F21: =COUNTIF(G8:G18,"Concluído") -> 0
